"rules","support","confidence","lift","count"
"579","{zn=small-residence,dis=very-near} => {crim=low-crime}",0.00790513833992095,1,13.3157894736842,4
"876","{indus=very-low-business-concentration,dis=very-near} => {crim=low-crime}",0.00790513833992095,1,13.3157894736842,4
"4720","{zn=small-residence,dis=very-near,medv=expensive} => {crim=low-crime}",0.00592885375494071,1,13.3157894736842,3
"4738","{zn=small-residence,dis=very-near,ptratio=small-class} => {crim=low-crime}",0.00790513833992095,1,13.3157894736842,4
"4766","{zn=small-residence,rm=very-large-house,dis=very-near} => {crim=low-crime}",0.00592885375494071,1,13.3157894736842,3
"4792","{zn=small-residence,indus=very-low-business-concentration,dis=very-near} => {crim=low-crime}",0.00790513833992095,1,13.3157894736842,4
"4795","{zn=small-residence,dis=very-near,tax=low-tax} => {crim=low-crime}",0.00790513833992095,1,13.3157894736842,4
"4797","{zn=small-residence,dis=very-near,medv=moderate} => {crim=low-crime}",0.00197628458498024,1,13.3157894736842,1
"4800","{zn=small-residence,dis=very-near,rad=easily-accessible} => {crim=low-crime}",0.00790513833992095,1,13.3157894736842,4
"4803","{zn=small-residence,age=lots-of-old-houses,dis=very-near} => {crim=low-crime}",0.00790513833992095,1,13.3157894736842,4
"4805","{zn=small-residence,rm=large-house,dis=very-near} => {crim=low-crime}",0.00197628458498024,1,13.3157894736842,1
"6542","{dis=very-near,ptratio=small-class,medv=expensive} => {crim=low-crime}",0.00592885375494071,0.6,7.98947368421053,3
"6556","{rm=very-large-house,dis=very-near,medv=expensive} => {crim=low-crime}",0.00592885375494071,0.6,7.98947368421053,3
"6592","{indus=very-low-business-concentration,dis=very-near,medv=expensive} => {crim=low-crime}",0.00592885375494071,1,13.3157894736842,3
"6595","{dis=very-near,tax=low-tax,medv=expensive} => {crim=low-crime}",0.00592885375494071,1,13.3157894736842,3
"6597","{dis=very-near,rad=easily-accessible,medv=expensive} => {crim=low-crime}",0.00592885375494071,0.6,7.98947368421053,3
"6638","{rm=very-large-house,dis=very-near,ptratio=small-class} => {crim=low-crime}",0.00592885375494071,0.75,9.98684210526316,3
"6661","{indus=very-low-business-concentration,dis=very-near,ptratio=small-class} => {crim=low-crime}",0.00790513833992095,1,13.3157894736842,4
"6664","{dis=very-near,tax=low-tax,ptratio=small-class} => {crim=low-crime}",0.00790513833992095,1,13.3157894736842,4
"6730","{indus=very-low-business-concentration,rm=very-large-house,dis=very-near} => {crim=low-crime}",0.00592885375494071,1,13.3157894736842,3
"6733","{rm=very-large-house,dis=very-near,tax=low-tax} => {crim=low-crime}",0.00592885375494071,1,13.3157894736842,3
"6735","{rm=very-large-house,dis=very-near,rad=easily-accessible} => {crim=low-crime}",0.00592885375494071,0.75,9.98684210526316,3
"6851","{indus=very-low-business-concentration,dis=very-near,tax=low-tax} => {crim=low-crime}",0.00790513833992095,1,13.3157894736842,4
"6853","{indus=very-low-business-concentration,dis=very-near,medv=moderate} => {crim=low-crime}",0.00197628458498024,1,13.3157894736842,1
"6856","{indus=very-low-business-concentration,dis=very-near,rad=easily-accessible} => {crim=low-crime}",0.00790513833992095,1,13.3157894736842,4
"6859","{indus=very-low-business-concentration,age=lots-of-old-houses,dis=very-near} => {crim=low-crime}",0.00790513833992095,1,13.3157894736842,4
"6860","{indus=very-low-business-concentration,rm=large-house,dis=very-near} => {crim=low-crime}",0.00197628458498024,1,13.3157894736842,1
"21863","{zn=small-residence,dis=very-near,ptratio=small-class,medv=expensive} => {crim=low-crime}",0.00592885375494071,1,13.3157894736842,3
"21886","{zn=small-residence,rm=very-large-house,dis=very-near,medv=expensive} => {crim=low-crime}",0.00592885375494071,1,13.3157894736842,3
"21913","{zn=small-residence,indus=very-low-business-concentration,dis=very-near,medv=expensive} => {crim=low-crime}",0.00592885375494071,1,13.3157894736842,3
"21917","{zn=small-residence,dis=very-near,tax=low-tax,medv=expensive} => {crim=low-crime}",0.00592885375494071,1,13.3157894736842,3
"21921","{zn=small-residence,dis=very-near,rad=easily-accessible,medv=expensive} => {crim=low-crime}",0.00592885375494071,1,13.3157894736842,3
"21925","{zn=small-residence,age=lots-of-old-houses,dis=very-near,medv=expensive} => {crim=low-crime}",0.00592885375494071,1,13.3157894736842,3
"21962","{zn=small-residence,rm=very-large-house,dis=very-near,ptratio=small-class} => {crim=low-crime}",0.00592885375494071,1,13.3157894736842,3
"21995","{zn=small-residence,indus=very-low-business-concentration,dis=very-near,ptratio=small-class} => {crim=low-crime}",0.00790513833992095,1,13.3157894736842,4
"21999","{zn=small-residence,dis=very-near,tax=low-tax,ptratio=small-class} => {crim=low-crime}",0.00790513833992095,1,13.3157894736842,4
"22002","{zn=small-residence,dis=very-near,ptratio=small-class,medv=moderate} => {crim=low-crime}",0.00197628458498024,1,13.3157894736842,1
"22006","{zn=small-residence,dis=very-near,rad=easily-accessible,ptratio=small-class} => {crim=low-crime}",0.00790513833992095,1,13.3157894736842,4
"22010","{zn=small-residence,age=lots-of-old-houses,dis=very-near,ptratio=small-class} => {crim=low-crime}",0.00790513833992095,1,13.3157894736842,4
"22013","{zn=small-residence,rm=large-house,dis=very-near,ptratio=small-class} => {crim=low-crime}",0.00197628458498024,1,13.3157894736842,1
"22106","{zn=small-residence,indus=very-low-business-concentration,rm=very-large-house,dis=very-near} => {crim=low-crime}",0.00592885375494071,1,13.3157894736842,3
"22110","{zn=small-residence,rm=very-large-house,dis=very-near,tax=low-tax} => {crim=low-crime}",0.00592885375494071,1,13.3157894736842,3
"22114","{zn=small-residence,rm=very-large-house,dis=very-near,rad=easily-accessible} => {crim=low-crime}",0.00592885375494071,1,13.3157894736842,3
"22118","{zn=small-residence,rm=very-large-house,age=lots-of-old-houses,dis=very-near} => {crim=low-crime}",0.00592885375494071,1,13.3157894736842,3
"22192","{zn=small-residence,indus=very-low-business-concentration,dis=very-near,tax=low-tax} => {crim=low-crime}",0.00790513833992095,1,13.3157894736842,4
"22195","{zn=small-residence,indus=very-low-business-concentration,dis=very-near,medv=moderate} => {crim=low-crime}",0.00197628458498024,1,13.3157894736842,1
"22199","{zn=small-residence,indus=very-low-business-concentration,dis=very-near,rad=easily-accessible} => {crim=low-crime}",0.00790513833992095,1,13.3157894736842,4
"22203","{zn=small-residence,indus=very-low-business-concentration,age=lots-of-old-houses,dis=very-near} => {crim=low-crime}",0.00790513833992095,1,13.3157894736842,4
"22206","{zn=small-residence,indus=very-low-business-concentration,rm=large-house,dis=very-near} => {crim=low-crime}",0.00197628458498024,1,13.3157894736842,1
"22209","{zn=small-residence,dis=very-near,tax=low-tax,medv=moderate} => {crim=low-crime}",0.00197628458498024,1,13.3157894736842,1
"22213","{zn=small-residence,dis=very-near,rad=easily-accessible,tax=low-tax} => {crim=low-crime}",0.00790513833992095,1,13.3157894736842,4
"22217","{zn=small-residence,age=lots-of-old-houses,dis=very-near,tax=low-tax} => {crim=low-crime}",0.00790513833992095,1,13.3157894736842,4
"22220","{zn=small-residence,rm=large-house,dis=very-near,tax=low-tax} => {crim=low-crime}",0.00197628458498024,1,13.3157894736842,1
"22223","{zn=small-residence,dis=very-near,rad=easily-accessible,medv=moderate} => {crim=low-crime}",0.00197628458498024,1,13.3157894736842,1
"22226","{zn=small-residence,age=lots-of-old-houses,dis=very-near,medv=moderate} => {crim=low-crime}",0.00197628458498024,1,13.3157894736842,1
"22230","{zn=small-residence,rm=large-house,dis=very-near,medv=moderate} => {crim=low-crime}",0.00197628458498024,1,13.3157894736842,1
"22234","{zn=small-residence,age=lots-of-old-houses,dis=very-near,rad=easily-accessible} => {crim=low-crime}",0.00790513833992095,1,13.3157894736842,4
"22237","{zn=small-residence,rm=large-house,dis=very-near,rad=easily-accessible} => {crim=low-crime}",0.00197628458498024,1,13.3157894736842,1
"22239","{zn=small-residence,rm=large-house,age=lots-of-old-houses,dis=very-near} => {crim=low-crime}",0.00197628458498024,1,13.3157894736842,1
"27703","{rm=very-large-house,dis=very-near,ptratio=small-class,medv=expensive} => {crim=low-crime}",0.00592885375494071,0.75,9.98684210526316,3
"27725","{indus=very-low-business-concentration,dis=very-near,ptratio=small-class,medv=expensive} => {crim=low-crime}",0.00592885375494071,1,13.3157894736842,3
"27729","{dis=very-near,tax=low-tax,ptratio=small-class,medv=expensive} => {crim=low-crime}",0.00592885375494071,1,13.3157894736842,3
"27733","{dis=very-near,rad=easily-accessible,ptratio=small-class,medv=expensive} => {crim=low-crime}",0.00592885375494071,0.6,7.98947368421053,3
"27737","{age=lots-of-old-houses,dis=very-near,ptratio=small-class,medv=expensive} => {crim=low-crime}",0.00592885375494071,0.6,7.98947368421053,3
"27793","{indus=very-low-business-concentration,rm=very-large-house,dis=very-near,medv=expensive} => {crim=low-crime}",0.00592885375494071,1,13.3157894736842,3
"27797","{rm=very-large-house,dis=very-near,tax=low-tax,medv=expensive} => {crim=low-crime}",0.00592885375494071,1,13.3157894736842,3
"27801","{rm=very-large-house,dis=very-near,rad=easily-accessible,medv=expensive} => {crim=low-crime}",0.00592885375494071,0.75,9.98684210526316,3
"27805","{rm=very-large-house,age=lots-of-old-houses,dis=very-near,medv=expensive} => {crim=low-crime}",0.00592885375494071,0.6,7.98947368421053,3
"27935","{indus=very-low-business-concentration,dis=very-near,tax=low-tax,medv=expensive} => {crim=low-crime}",0.00592885375494071,1,13.3157894736842,3
"27939","{indus=very-low-business-concentration,dis=very-near,rad=easily-accessible,medv=expensive} => {crim=low-crime}",0.00592885375494071,1,13.3157894736842,3
"27943","{indus=very-low-business-concentration,age=lots-of-old-houses,dis=very-near,medv=expensive} => {crim=low-crime}",0.00592885375494071,1,13.3157894736842,3
"27947","{dis=very-near,rad=easily-accessible,tax=low-tax,medv=expensive} => {crim=low-crime}",0.00592885375494071,1,13.3157894736842,3
"27951","{age=lots-of-old-houses,dis=very-near,tax=low-tax,medv=expensive} => {crim=low-crime}",0.00592885375494071,1,13.3157894736842,3
"27954","{age=lots-of-old-houses,dis=very-near,rad=easily-accessible,medv=expensive} => {crim=low-crime}",0.00592885375494071,0.6,7.98947368421053,3
"28038","{indus=very-low-business-concentration,rm=very-large-house,dis=very-near,ptratio=small-class} => {crim=low-crime}",0.00592885375494071,1,13.3157894736842,3
"28042","{rm=very-large-house,dis=very-near,tax=low-tax,ptratio=small-class} => {crim=low-crime}",0.00592885375494071,1,13.3157894736842,3
"28046","{rm=very-large-house,dis=very-near,rad=easily-accessible,ptratio=small-class} => {crim=low-crime}",0.00592885375494071,0.75,9.98684210526316,3
"28050","{rm=very-large-house,age=lots-of-old-houses,dis=very-near,ptratio=small-class} => {crim=low-crime}",0.00592885375494071,0.75,9.98684210526316,3
"28121","{indus=very-low-business-concentration,dis=very-near,tax=low-tax,ptratio=small-class} => {crim=low-crime}",0.00790513833992095,1,13.3157894736842,4
"28124","{indus=very-low-business-concentration,dis=very-near,ptratio=small-class,medv=moderate} => {crim=low-crime}",0.00197628458498024,1,13.3157894736842,1
"28128","{indus=very-low-business-concentration,dis=very-near,rad=easily-accessible,ptratio=small-class} => {crim=low-crime}",0.00790513833992095,1,13.3157894736842,4
"28132","{indus=very-low-business-concentration,age=lots-of-old-houses,dis=very-near,ptratio=small-class} => {crim=low-crime}",0.00790513833992095,1,13.3157894736842,4
"28135","{indus=very-low-business-concentration,rm=large-house,dis=very-near,ptratio=small-class} => {crim=low-crime}",0.00197628458498024,1,13.3157894736842,1
"28138","{dis=very-near,tax=low-tax,ptratio=small-class,medv=moderate} => {crim=low-crime}",0.00197628458498024,1,13.3157894736842,1
"28142","{dis=very-near,rad=easily-accessible,tax=low-tax,ptratio=small-class} => {crim=low-crime}",0.00790513833992095,1,13.3157894736842,4
"28146","{age=lots-of-old-houses,dis=very-near,tax=low-tax,ptratio=small-class} => {crim=low-crime}",0.00790513833992095,1,13.3157894736842,4
"28149","{rm=large-house,dis=very-near,tax=low-tax,ptratio=small-class} => {crim=low-crime}",0.00197628458498024,1,13.3157894736842,1
"28338","{indus=very-low-business-concentration,rm=very-large-house,dis=very-near,tax=low-tax} => {crim=low-crime}",0.00592885375494071,1,13.3157894736842,3
"28342","{indus=very-low-business-concentration,rm=very-large-house,dis=very-near,rad=easily-accessible} => {crim=low-crime}",0.00592885375494071,1,13.3157894736842,3
"28346","{indus=very-low-business-concentration,rm=very-large-house,age=lots-of-old-houses,dis=very-near} => {crim=low-crime}",0.00592885375494071,1,13.3157894736842,3
"28350","{rm=very-large-house,dis=very-near,rad=easily-accessible,tax=low-tax} => {crim=low-crime}",0.00592885375494071,1,13.3157894736842,3
"28354","{rm=very-large-house,age=lots-of-old-houses,dis=very-near,tax=low-tax} => {crim=low-crime}",0.00592885375494071,1,13.3157894736842,3
"28357","{rm=very-large-house,age=lots-of-old-houses,dis=very-near,rad=easily-accessible} => {crim=low-crime}",0.00592885375494071,0.75,9.98684210526316,3
"28682","{indus=very-low-business-concentration,dis=very-near,tax=low-tax,medv=moderate} => {crim=low-crime}",0.00197628458498024,1,13.3157894736842,1
"28686","{indus=very-low-business-concentration,dis=very-near,rad=easily-accessible,tax=low-tax} => {crim=low-crime}",0.00790513833992095,1,13.3157894736842,4
"28690","{indus=very-low-business-concentration,age=lots-of-old-houses,dis=very-near,tax=low-tax} => {crim=low-crime}",0.00790513833992095,1,13.3157894736842,4
"28693","{indus=very-low-business-concentration,rm=large-house,dis=very-near,tax=low-tax} => {crim=low-crime}",0.00197628458498024,1,13.3157894736842,1
"28696","{indus=very-low-business-concentration,dis=very-near,rad=easily-accessible,medv=moderate} => {crim=low-crime}",0.00197628458498024,1,13.3157894736842,1
"28699","{indus=very-low-business-concentration,age=lots-of-old-houses,dis=very-near,medv=moderate} => {crim=low-crime}",0.00197628458498024,1,13.3157894736842,1
"28703","{indus=very-low-business-concentration,rm=large-house,dis=very-near,medv=moderate} => {crim=low-crime}",0.00197628458498024,1,13.3157894736842,1
"28707","{indus=very-low-business-concentration,age=lots-of-old-houses,dis=very-near,rad=easily-accessible} => {crim=low-crime}",0.00790513833992095,1,13.3157894736842,4
"28709","{indus=very-low-business-concentration,rm=large-house,dis=very-near,rad=easily-accessible} => {crim=low-crime}",0.00197628458498024,1,13.3157894736842,1
"28711","{indus=very-low-business-concentration,rm=large-house,age=lots-of-old-houses,dis=very-near} => {crim=low-crime}",0.00197628458498024,1,13.3157894736842,1
"63325","{zn=small-residence,rm=very-large-house,dis=very-near,ptratio=small-class,medv=expensive} => {crim=low-crime}",0.00592885375494071,1,13.3157894736842,3
"63358","{zn=small-residence,indus=very-low-business-concentration,dis=very-near,ptratio=small-class,medv=expensive} => {crim=low-crime}",0.00592885375494071,1,13.3157894736842,3
"63363","{zn=small-residence,dis=very-near,tax=low-tax,ptratio=small-class,medv=expensive} => {crim=low-crime}",0.00592885375494071,1,13.3157894736842,3
"63368","{zn=small-residence,dis=very-near,rad=easily-accessible,ptratio=small-class,medv=expensive} => {crim=low-crime}",0.00592885375494071,1,13.3157894736842,3
"63373","{zn=small-residence,age=lots-of-old-houses,dis=very-near,ptratio=small-class,medv=expensive} => {crim=low-crime}",0.00592885375494071,1,13.3157894736842,3
"63424","{zn=small-residence,indus=very-low-business-concentration,rm=very-large-house,dis=very-near,medv=expensive} => {crim=low-crime}",0.00592885375494071,1,13.3157894736842,3
"63429","{zn=small-residence,rm=very-large-house,dis=very-near,tax=low-tax,medv=expensive} => {crim=low-crime}",0.00592885375494071,1,13.3157894736842,3
"63434","{zn=small-residence,rm=very-large-house,dis=very-near,rad=easily-accessible,medv=expensive} => {crim=low-crime}",0.00592885375494071,1,13.3157894736842,3
"63439","{zn=small-residence,rm=very-large-house,age=lots-of-old-houses,dis=very-near,medv=expensive} => {crim=low-crime}",0.00592885375494071,1,13.3157894736842,3
"63496","{zn=small-residence,indus=very-low-business-concentration,dis=very-near,tax=low-tax,medv=expensive} => {crim=low-crime}",0.00592885375494071,1,13.3157894736842,3
"63501","{zn=small-residence,indus=very-low-business-concentration,dis=very-near,rad=easily-accessible,medv=expensive} => {crim=low-crime}",0.00592885375494071,1,13.3157894736842,3
"63506","{zn=small-residence,indus=very-low-business-concentration,age=lots-of-old-houses,dis=very-near,medv=expensive} => {crim=low-crime}",0.00592885375494071,1,13.3157894736842,3
"63511","{zn=small-residence,dis=very-near,rad=easily-accessible,tax=low-tax,medv=expensive} => {crim=low-crime}",0.00592885375494071,1,13.3157894736842,3
"63516","{zn=small-residence,age=lots-of-old-houses,dis=very-near,tax=low-tax,medv=expensive} => {crim=low-crime}",0.00592885375494071,1,13.3157894736842,3
"63521","{zn=small-residence,age=lots-of-old-houses,dis=very-near,rad=easily-accessible,medv=expensive} => {crim=low-crime}",0.00592885375494071,1,13.3157894736842,3
"63569","{zn=small-residence,indus=very-low-business-concentration,rm=very-large-house,dis=very-near,ptratio=small-class} => {crim=low-crime}",0.00592885375494071,1,13.3157894736842,3
"63574","{zn=small-residence,rm=very-large-house,dis=very-near,tax=low-tax,ptratio=small-class} => {crim=low-crime}",0.00592885375494071,1,13.3157894736842,3
"63579","{zn=small-residence,rm=very-large-house,dis=very-near,rad=easily-accessible,ptratio=small-class} => {crim=low-crime}",0.00592885375494071,1,13.3157894736842,3
"63584","{zn=small-residence,rm=very-large-house,age=lots-of-old-houses,dis=very-near,ptratio=small-class} => {crim=low-crime}",0.00592885375494071,1,13.3157894736842,3
"63674","{zn=small-residence,indus=very-low-business-concentration,dis=very-near,tax=low-tax,ptratio=small-class} => {crim=low-crime}",0.00790513833992095,1,13.3157894736842,4
"63678","{zn=small-residence,indus=very-low-business-concentration,dis=very-near,ptratio=small-class,medv=moderate} => {crim=low-crime}",0.00197628458498024,1,13.3157894736842,1
"63683","{zn=small-residence,indus=very-low-business-concentration,dis=very-near,rad=easily-accessible,ptratio=small-class} => {crim=low-crime}",0.00790513833992095,1,13.3157894736842,4
"63688","{zn=small-residence,indus=very-low-business-concentration,age=lots-of-old-houses,dis=very-near,ptratio=small-class} => {crim=low-crime}",0.00790513833992095,1,13.3157894736842,4
"63692","{zn=small-residence,indus=very-low-business-concentration,rm=large-house,dis=very-near,ptratio=small-class} => {crim=low-crime}",0.00197628458498024,1,13.3157894736842,1
"63696","{zn=small-residence,dis=very-near,tax=low-tax,ptratio=small-class,medv=moderate} => {crim=low-crime}",0.00197628458498024,1,13.3157894736842,1
"63701","{zn=small-residence,dis=very-near,rad=easily-accessible,tax=low-tax,ptratio=small-class} => {crim=low-crime}",0.00790513833992095,1,13.3157894736842,4
"63706","{zn=small-residence,age=lots-of-old-houses,dis=very-near,tax=low-tax,ptratio=small-class} => {crim=low-crime}",0.00790513833992095,1,13.3157894736842,4
"63710","{zn=small-residence,rm=large-house,dis=very-near,tax=low-tax,ptratio=small-class} => {crim=low-crime}",0.00197628458498024,1,13.3157894736842,1
"63714","{zn=small-residence,dis=very-near,rad=easily-accessible,ptratio=small-class,medv=moderate} => {crim=low-crime}",0.00197628458498024,1,13.3157894736842,1
"63718","{zn=small-residence,age=lots-of-old-houses,dis=very-near,ptratio=small-class,medv=moderate} => {crim=low-crime}",0.00197628458498024,1,13.3157894736842,1
"63723","{zn=small-residence,rm=large-house,dis=very-near,ptratio=small-class,medv=moderate} => {crim=low-crime}",0.00197628458498024,1,13.3157894736842,1
"63728","{zn=small-residence,age=lots-of-old-houses,dis=very-near,rad=easily-accessible,ptratio=small-class} => {crim=low-crime}",0.00790513833992095,1,13.3157894736842,4
"63732","{zn=small-residence,rm=large-house,dis=very-near,rad=easily-accessible,ptratio=small-class} => {crim=low-crime}",0.00197628458498024,1,13.3157894736842,1
"63736","{zn=small-residence,rm=large-house,age=lots-of-old-houses,dis=very-near,ptratio=small-class} => {crim=low-crime}",0.00197628458498024,1,13.3157894736842,1
"63915","{zn=small-residence,indus=very-low-business-concentration,rm=very-large-house,dis=very-near,tax=low-tax} => {crim=low-crime}",0.00592885375494071,1,13.3157894736842,3
"63920","{zn=small-residence,indus=very-low-business-concentration,rm=very-large-house,dis=very-near,rad=easily-accessible} => {crim=low-crime}",0.00592885375494071,1,13.3157894736842,3
"63925","{zn=small-residence,indus=very-low-business-concentration,rm=very-large-house,age=lots-of-old-houses,dis=very-near} => {crim=low-crime}",0.00592885375494071,1,13.3157894736842,3
"63930","{zn=small-residence,rm=very-large-house,dis=very-near,rad=easily-accessible,tax=low-tax} => {crim=low-crime}",0.00592885375494071,1,13.3157894736842,3
"63935","{zn=small-residence,rm=very-large-house,age=lots-of-old-houses,dis=very-near,tax=low-tax} => {crim=low-crime}",0.00592885375494071,1,13.3157894736842,3
"63940","{zn=small-residence,rm=very-large-house,age=lots-of-old-houses,dis=very-near,rad=easily-accessible} => {crim=low-crime}",0.00592885375494071,1,13.3157894736842,3
"64054","{zn=small-residence,indus=very-low-business-concentration,dis=very-near,tax=low-tax,medv=moderate} => {crim=low-crime}",0.00197628458498024,1,13.3157894736842,1
"64059","{zn=small-residence,indus=very-low-business-concentration,dis=very-near,rad=easily-accessible,tax=low-tax} => {crim=low-crime}",0.00790513833992095,1,13.3157894736842,4
"64064","{zn=small-residence,indus=very-low-business-concentration,age=lots-of-old-houses,dis=very-near,tax=low-tax} => {crim=low-crime}",0.00790513833992095,1,13.3157894736842,4
"64068","{zn=small-residence,indus=very-low-business-concentration,rm=large-house,dis=very-near,tax=low-tax} => {crim=low-crime}",0.00197628458498024,1,13.3157894736842,1
"64072","{zn=small-residence,indus=very-low-business-concentration,dis=very-near,rad=easily-accessible,medv=moderate} => {crim=low-crime}",0.00197628458498024,1,13.3157894736842,1
"64076","{zn=small-residence,indus=very-low-business-concentration,age=lots-of-old-houses,dis=very-near,medv=moderate} => {crim=low-crime}",0.00197628458498024,1,13.3157894736842,1
"64081","{zn=small-residence,indus=very-low-business-concentration,rm=large-house,dis=very-near,medv=moderate} => {crim=low-crime}",0.00197628458498024,1,13.3157894736842,1
"64086","{zn=small-residence,indus=very-low-business-concentration,age=lots-of-old-houses,dis=very-near,rad=easily-accessible} => {crim=low-crime}",0.00790513833992095,1,13.3157894736842,4
"64090","{zn=small-residence,indus=very-low-business-concentration,rm=large-house,dis=very-near,rad=easily-accessible} => {crim=low-crime}",0.00197628458498024,1,13.3157894736842,1
"64094","{zn=small-residence,indus=very-low-business-concentration,rm=large-house,age=lots-of-old-houses,dis=very-near} => {crim=low-crime}",0.00197628458498024,1,13.3157894736842,1
"64098","{zn=small-residence,dis=very-near,rad=easily-accessible,tax=low-tax,medv=moderate} => {crim=low-crime}",0.00197628458498024,1,13.3157894736842,1
"64102","{zn=small-residence,age=lots-of-old-houses,dis=very-near,tax=low-tax,medv=moderate} => {crim=low-crime}",0.00197628458498024,1,13.3157894736842,1
"64107","{zn=small-residence,rm=large-house,dis=very-near,tax=low-tax,medv=moderate} => {crim=low-crime}",0.00197628458498024,1,13.3157894736842,1
"64112","{zn=small-residence,age=lots-of-old-houses,dis=very-near,rad=easily-accessible,tax=low-tax} => {crim=low-crime}",0.00790513833992095,1,13.3157894736842,4
"64116","{zn=small-residence,rm=large-house,dis=very-near,rad=easily-accessible,tax=low-tax} => {crim=low-crime}",0.00197628458498024,1,13.3157894736842,1
"64120","{zn=small-residence,rm=large-house,age=lots-of-old-houses,dis=very-near,tax=low-tax} => {crim=low-crime}",0.00197628458498024,1,13.3157894736842,1
"64124","{zn=small-residence,age=lots-of-old-houses,dis=very-near,rad=easily-accessible,medv=moderate} => {crim=low-crime}",0.00197628458498024,1,13.3157894736842,1
"64129","{zn=small-residence,rm=large-house,dis=very-near,rad=easily-accessible,medv=moderate} => {crim=low-crime}",0.00197628458498024,1,13.3157894736842,1
"64134","{zn=small-residence,rm=large-house,age=lots-of-old-houses,dis=very-near,medv=moderate} => {crim=low-crime}",0.00197628458498024,1,13.3157894736842,1
"64138","{zn=small-residence,rm=large-house,age=lots-of-old-houses,dis=very-near,rad=easily-accessible} => {crim=low-crime}",0.00197628458498024,1,13.3157894736842,1
"73558","{indus=very-low-business-concentration,rm=very-large-house,dis=very-near,ptratio=small-class,medv=expensive} => {crim=low-crime}",0.00592885375494071,1,13.3157894736842,3
"73563","{rm=very-large-house,dis=very-near,tax=low-tax,ptratio=small-class,medv=expensive} => {crim=low-crime}",0.00592885375494071,1,13.3157894736842,3
"73568","{rm=very-large-house,dis=very-near,rad=easily-accessible,ptratio=small-class,medv=expensive} => {crim=low-crime}",0.00592885375494071,0.75,9.98684210526316,3
"73573","{rm=very-large-house,age=lots-of-old-houses,dis=very-near,ptratio=small-class,medv=expensive} => {crim=low-crime}",0.00592885375494071,0.75,9.98684210526316,3
"73624","{indus=very-low-business-concentration,dis=very-near,tax=low-tax,ptratio=small-class,medv=expensive} => {crim=low-crime}",0.00592885375494071,1,13.3157894736842,3
"73629","{indus=very-low-business-concentration,dis=very-near,rad=easily-accessible,ptratio=small-class,medv=expensive} => {crim=low-crime}",0.00592885375494071,1,13.3157894736842,3
"73634","{indus=very-low-business-concentration,age=lots-of-old-houses,dis=very-near,ptratio=small-class,medv=expensive} => {crim=low-crime}",0.00592885375494071,1,13.3157894736842,3
"73639","{dis=very-near,rad=easily-accessible,tax=low-tax,ptratio=small-class,medv=expensive} => {crim=low-crime}",0.00592885375494071,1,13.3157894736842,3
"73644","{age=lots-of-old-houses,dis=very-near,tax=low-tax,ptratio=small-class,medv=expensive} => {crim=low-crime}",0.00592885375494071,1,13.3157894736842,3
"73649","{age=lots-of-old-houses,dis=very-near,rad=easily-accessible,ptratio=small-class,medv=expensive} => {crim=low-crime}",0.00592885375494071,0.6,7.98947368421053,3
"73770","{indus=very-low-business-concentration,rm=very-large-house,dis=very-near,tax=low-tax,medv=expensive} => {crim=low-crime}",0.00592885375494071,1,13.3157894736842,3
"73775","{indus=very-low-business-concentration,rm=very-large-house,dis=very-near,rad=easily-accessible,medv=expensive} => {crim=low-crime}",0.00592885375494071,1,13.3157894736842,3
"73780","{indus=very-low-business-concentration,rm=very-large-house,age=lots-of-old-houses,dis=very-near,medv=expensive} => {crim=low-crime}",0.00592885375494071,1,13.3157894736842,3
"73785","{rm=very-large-house,dis=very-near,rad=easily-accessible,tax=low-tax,medv=expensive} => {crim=low-crime}",0.00592885375494071,1,13.3157894736842,3
"73790","{rm=very-large-house,age=lots-of-old-houses,dis=very-near,tax=low-tax,medv=expensive} => {crim=low-crime}",0.00592885375494071,1,13.3157894736842,3
"73795","{rm=very-large-house,age=lots-of-old-houses,dis=very-near,rad=easily-accessible,medv=expensive} => {crim=low-crime}",0.00592885375494071,0.75,9.98684210526316,3
"74014","{indus=very-low-business-concentration,dis=very-near,rad=easily-accessible,tax=low-tax,medv=expensive} => {crim=low-crime}",0.00592885375494071,1,13.3157894736842,3
"74019","{indus=very-low-business-concentration,age=lots-of-old-houses,dis=very-near,tax=low-tax,medv=expensive} => {crim=low-crime}",0.00592885375494071,1,13.3157894736842,3
"74024","{indus=very-low-business-concentration,age=lots-of-old-houses,dis=very-near,rad=easily-accessible,medv=expensive} => {crim=low-crime}",0.00592885375494071,1,13.3157894736842,3
"74029","{age=lots-of-old-houses,dis=very-near,rad=easily-accessible,tax=low-tax,medv=expensive} => {crim=low-crime}",0.00592885375494071,1,13.3157894736842,3
"74110","{indus=very-low-business-concentration,rm=very-large-house,dis=very-near,tax=low-tax,ptratio=small-class} => {crim=low-crime}",0.00592885375494071,1,13.3157894736842,3
"74115","{indus=very-low-business-concentration,rm=very-large-house,dis=very-near,rad=easily-accessible,ptratio=small-class} => {crim=low-crime}",0.00592885375494071,1,13.3157894736842,3
"74120","{indus=very-low-business-concentration,rm=very-large-house,age=lots-of-old-houses,dis=very-near,ptratio=small-class} => {crim=low-crime}",0.00592885375494071,1,13.3157894736842,3
"74125","{rm=very-large-house,dis=very-near,rad=easily-accessible,tax=low-tax,ptratio=small-class} => {crim=low-crime}",0.00592885375494071,1,13.3157894736842,3
"74130","{rm=very-large-house,age=lots-of-old-houses,dis=very-near,tax=low-tax,ptratio=small-class} => {crim=low-crime}",0.00592885375494071,1,13.3157894736842,3
"74135","{rm=very-large-house,age=lots-of-old-houses,dis=very-near,rad=easily-accessible,ptratio=small-class} => {crim=low-crime}",0.00592885375494071,0.75,9.98684210526316,3
"74248","{indus=very-low-business-concentration,dis=very-near,tax=low-tax,ptratio=small-class,medv=moderate} => {crim=low-crime}",0.00197628458498024,1,13.3157894736842,1
"74253","{indus=very-low-business-concentration,dis=very-near,rad=easily-accessible,tax=low-tax,ptratio=small-class} => {crim=low-crime}",0.00790513833992095,1,13.3157894736842,4
"74258","{indus=very-low-business-concentration,age=lots-of-old-houses,dis=very-near,tax=low-tax,ptratio=small-class} => {crim=low-crime}",0.00790513833992095,1,13.3157894736842,4
"74262","{indus=very-low-business-concentration,rm=large-house,dis=very-near,tax=low-tax,ptratio=small-class} => {crim=low-crime}",0.00197628458498024,1,13.3157894736842,1
"74266","{indus=very-low-business-concentration,dis=very-near,rad=easily-accessible,ptratio=small-class,medv=moderate} => {crim=low-crime}",0.00197628458498024,1,13.3157894736842,1
"74270","{indus=very-low-business-concentration,age=lots-of-old-houses,dis=very-near,ptratio=small-class,medv=moderate} => {crim=low-crime}",0.00197628458498024,1,13.3157894736842,1
"74275","{indus=very-low-business-concentration,rm=large-house,dis=very-near,ptratio=small-class,medv=moderate} => {crim=low-crime}",0.00197628458498024,1,13.3157894736842,1
"74280","{indus=very-low-business-concentration,age=lots-of-old-houses,dis=very-near,rad=easily-accessible,ptratio=small-class} => {crim=low-crime}",0.00790513833992095,1,13.3157894736842,4
"74284","{indus=very-low-business-concentration,rm=large-house,dis=very-near,rad=easily-accessible,ptratio=small-class} => {crim=low-crime}",0.00197628458498024,1,13.3157894736842,1
"74288","{indus=very-low-business-concentration,rm=large-house,age=lots-of-old-houses,dis=very-near,ptratio=small-class} => {crim=low-crime}",0.00197628458498024,1,13.3157894736842,1
"74292","{dis=very-near,rad=easily-accessible,tax=low-tax,ptratio=small-class,medv=moderate} => {crim=low-crime}",0.00197628458498024,1,13.3157894736842,1
"74296","{age=lots-of-old-houses,dis=very-near,tax=low-tax,ptratio=small-class,medv=moderate} => {crim=low-crime}",0.00197628458498024,1,13.3157894736842,1
"74301","{rm=large-house,dis=very-near,tax=low-tax,ptratio=small-class,medv=moderate} => {crim=low-crime}",0.00197628458498024,1,13.3157894736842,1
"74306","{age=lots-of-old-houses,dis=very-near,rad=easily-accessible,tax=low-tax,ptratio=small-class} => {crim=low-crime}",0.00790513833992095,1,13.3157894736842,4
"74310","{rm=large-house,dis=very-near,rad=easily-accessible,tax=low-tax,ptratio=small-class} => {crim=low-crime}",0.00197628458498024,1,13.3157894736842,1
"74314","{rm=large-house,age=lots-of-old-houses,dis=very-near,tax=low-tax,ptratio=small-class} => {crim=low-crime}",0.00197628458498024,1,13.3157894736842,1
"74611","{indus=very-low-business-concentration,rm=very-large-house,dis=very-near,rad=easily-accessible,tax=low-tax} => {crim=low-crime}",0.00592885375494071,1,13.3157894736842,3
"74616","{indus=very-low-business-concentration,rm=very-large-house,age=lots-of-old-houses,dis=very-near,tax=low-tax} => {crim=low-crime}",0.00592885375494071,1,13.3157894736842,3
"74621","{indus=very-low-business-concentration,rm=very-large-house,age=lots-of-old-houses,dis=very-near,rad=easily-accessible} => {crim=low-crime}",0.00592885375494071,1,13.3157894736842,3
"74626","{rm=very-large-house,age=lots-of-old-houses,dis=very-near,rad=easily-accessible,tax=low-tax} => {crim=low-crime}",0.00592885375494071,1,13.3157894736842,3
"75115","{indus=very-low-business-concentration,dis=very-near,rad=easily-accessible,tax=low-tax,medv=moderate} => {crim=low-crime}",0.00197628458498024,1,13.3157894736842,1
"75119","{indus=very-low-business-concentration,age=lots-of-old-houses,dis=very-near,tax=low-tax,medv=moderate} => {crim=low-crime}",0.00197628458498024,1,13.3157894736842,1
"75124","{indus=very-low-business-concentration,rm=large-house,dis=very-near,tax=low-tax,medv=moderate} => {crim=low-crime}",0.00197628458498024,1,13.3157894736842,1
"75129","{indus=very-low-business-concentration,age=lots-of-old-houses,dis=very-near,rad=easily-accessible,tax=low-tax} => {crim=low-crime}",0.00790513833992095,1,13.3157894736842,4
"75133","{indus=very-low-business-concentration,rm=large-house,dis=very-near,rad=easily-accessible,tax=low-tax} => {crim=low-crime}",0.00197628458498024,1,13.3157894736842,1
"75137","{indus=very-low-business-concentration,rm=large-house,age=lots-of-old-houses,dis=very-near,tax=low-tax} => {crim=low-crime}",0.00197628458498024,1,13.3157894736842,1
"75141","{indus=very-low-business-concentration,age=lots-of-old-houses,dis=very-near,rad=easily-accessible,medv=moderate} => {crim=low-crime}",0.00197628458498024,1,13.3157894736842,1
"75146","{indus=very-low-business-concentration,rm=large-house,dis=very-near,rad=easily-accessible,medv=moderate} => {crim=low-crime}",0.00197628458498024,1,13.3157894736842,1
"75151","{indus=very-low-business-concentration,rm=large-house,age=lots-of-old-houses,dis=very-near,medv=moderate} => {crim=low-crime}",0.00197628458498024,1,13.3157894736842,1
"75154","{indus=very-low-business-concentration,rm=large-house,age=lots-of-old-houses,dis=very-near,rad=easily-accessible} => {crim=low-crime}",0.00197628458498024,1,13.3157894736842,1
"124142","{zn=small-residence,indus=very-low-business-concentration,rm=very-large-house,dis=very-near,ptratio=small-class,medv=expensive} => {crim=low-crime}",0.00592885375494071,1,13.3157894736842,3
"124148","{zn=small-residence,rm=very-large-house,dis=very-near,tax=low-tax,ptratio=small-class,medv=expensive} => {crim=low-crime}",0.00592885375494071,1,13.3157894736842,3
"124154","{zn=small-residence,rm=very-large-house,dis=very-near,rad=easily-accessible,ptratio=small-class,medv=expensive} => {crim=low-crime}",0.00592885375494071,1,13.3157894736842,3
"124160","{zn=small-residence,rm=very-large-house,age=lots-of-old-houses,dis=very-near,ptratio=small-class,medv=expensive} => {crim=low-crime}",0.00592885375494071,1,13.3157894736842,3
"124228","{zn=small-residence,indus=very-low-business-concentration,dis=very-near,tax=low-tax,ptratio=small-class,medv=expensive} => {crim=low-crime}",0.00592885375494071,1,13.3157894736842,3
"124234","{zn=small-residence,indus=very-low-business-concentration,dis=very-near,rad=easily-accessible,ptratio=small-class,medv=expensive} => {crim=low-crime}",0.00592885375494071,1,13.3157894736842,3
"124240","{zn=small-residence,indus=very-low-business-concentration,age=lots-of-old-houses,dis=very-near,ptratio=small-class,medv=expensive} => {crim=low-crime}",0.00592885375494071,1,13.3157894736842,3
"124246","{zn=small-residence,dis=very-near,rad=easily-accessible,tax=low-tax,ptratio=small-class,medv=expensive} => {crim=low-crime}",0.00592885375494071,1,13.3157894736842,3
"124252","{zn=small-residence,age=lots-of-old-houses,dis=very-near,tax=low-tax,ptratio=small-class,medv=expensive} => {crim=low-crime}",0.00592885375494071,1,13.3157894736842,3
"124258","{zn=small-residence,age=lots-of-old-houses,dis=very-near,rad=easily-accessible,ptratio=small-class,medv=expensive} => {crim=low-crime}",0.00592885375494071,1,13.3157894736842,3
"124318","{zn=small-residence,indus=very-low-business-concentration,rm=very-large-house,dis=very-near,tax=low-tax,medv=expensive} => {crim=low-crime}",0.00592885375494071,1,13.3157894736842,3
"124324","{zn=small-residence,indus=very-low-business-concentration,rm=very-large-house,dis=very-near,rad=easily-accessible,medv=expensive} => {crim=low-crime}",0.00592885375494071,1,13.3157894736842,3
"124330","{zn=small-residence,indus=very-low-business-concentration,rm=very-large-house,age=lots-of-old-houses,dis=very-near,medv=expensive} => {crim=low-crime}",0.00592885375494071,1,13.3157894736842,3
"124336","{zn=small-residence,rm=very-large-house,dis=very-near,rad=easily-accessible,tax=low-tax,medv=expensive} => {crim=low-crime}",0.00592885375494071,1,13.3157894736842,3
"124342","{zn=small-residence,rm=very-large-house,age=lots-of-old-houses,dis=very-near,tax=low-tax,medv=expensive} => {crim=low-crime}",0.00592885375494071,1,13.3157894736842,3
"124348","{zn=small-residence,rm=very-large-house,age=lots-of-old-houses,dis=very-near,rad=easily-accessible,medv=expensive} => {crim=low-crime}",0.00592885375494071,1,13.3157894736842,3
"124412","{zn=small-residence,indus=very-low-business-concentration,dis=very-near,rad=easily-accessible,tax=low-tax,medv=expensive} => {crim=low-crime}",0.00592885375494071,1,13.3157894736842,3
"124418","{zn=small-residence,indus=very-low-business-concentration,age=lots-of-old-houses,dis=very-near,tax=low-tax,medv=expensive} => {crim=low-crime}",0.00592885375494071,1,13.3157894736842,3
"124424","{zn=small-residence,indus=very-low-business-concentration,age=lots-of-old-houses,dis=very-near,rad=easily-accessible,medv=expensive} => {crim=low-crime}",0.00592885375494071,1,13.3157894736842,3
"124430","{zn=small-residence,age=lots-of-old-houses,dis=very-near,rad=easily-accessible,tax=low-tax,medv=expensive} => {crim=low-crime}",0.00592885375494071,1,13.3157894736842,3
"124462","{zn=small-residence,indus=very-low-business-concentration,rm=very-large-house,dis=very-near,tax=low-tax,ptratio=small-class} => {crim=low-crime}",0.00592885375494071,1,13.3157894736842,3
"124468","{zn=small-residence,indus=very-low-business-concentration,rm=very-large-house,dis=very-near,rad=easily-accessible,ptratio=small-class} => {crim=low-crime}",0.00592885375494071,1,13.3157894736842,3
"124474","{zn=small-residence,indus=very-low-business-concentration,rm=very-large-house,age=lots-of-old-houses,dis=very-near,ptratio=small-class} => {crim=low-crime}",0.00592885375494071,1,13.3157894736842,3
"124480","{zn=small-residence,rm=very-large-house,dis=very-near,rad=easily-accessible,tax=low-tax,ptratio=small-class} => {crim=low-crime}",0.00592885375494071,1,13.3157894736842,3
"124486","{zn=small-residence,rm=very-large-house,age=lots-of-old-houses,dis=very-near,tax=low-tax,ptratio=small-class} => {crim=low-crime}",0.00592885375494071,1,13.3157894736842,3
"124492","{zn=small-residence,rm=very-large-house,age=lots-of-old-houses,dis=very-near,rad=easily-accessible,ptratio=small-class} => {crim=low-crime}",0.00592885375494071,1,13.3157894736842,3
"124627","{zn=small-residence,indus=very-low-business-concentration,dis=very-near,tax=low-tax,ptratio=small-class,medv=moderate} => {crim=low-crime}",0.00197628458498024,1,13.3157894736842,1
"124633","{zn=small-residence,indus=very-low-business-concentration,dis=very-near,rad=easily-accessible,tax=low-tax,ptratio=small-class} => {crim=low-crime}",0.00790513833992095,1,13.3157894736842,4
"124639","{zn=small-residence,indus=very-low-business-concentration,age=lots-of-old-houses,dis=very-near,tax=low-tax,ptratio=small-class} => {crim=low-crime}",0.00790513833992095,1,13.3157894736842,4
"124644","{zn=small-residence,indus=very-low-business-concentration,rm=large-house,dis=very-near,tax=low-tax,ptratio=small-class} => {crim=low-crime}",0.00197628458498024,1,13.3157894736842,1
"124649","{zn=small-residence,indus=very-low-business-concentration,dis=very-near,rad=easily-accessible,ptratio=small-class,medv=moderate} => {crim=low-crime}",0.00197628458498024,1,13.3157894736842,1
"124654","{zn=small-residence,indus=very-low-business-concentration,age=lots-of-old-houses,dis=very-near,ptratio=small-class,medv=moderate} => {crim=low-crime}",0.00197628458498024,1,13.3157894736842,1
"124660","{zn=small-residence,indus=very-low-business-concentration,rm=large-house,dis=very-near,ptratio=small-class,medv=moderate} => {crim=low-crime}",0.00197628458498024,1,13.3157894736842,1
"124666","{zn=small-residence,indus=very-low-business-concentration,age=lots-of-old-houses,dis=very-near,rad=easily-accessible,ptratio=small-class} => {crim=low-crime}",0.00790513833992095,1,13.3157894736842,4
"124671","{zn=small-residence,indus=very-low-business-concentration,rm=large-house,dis=very-near,rad=easily-accessible,ptratio=small-class} => {crim=low-crime}",0.00197628458498024,1,13.3157894736842,1
"124676","{zn=small-residence,indus=very-low-business-concentration,rm=large-house,age=lots-of-old-houses,dis=very-near,ptratio=small-class} => {crim=low-crime}",0.00197628458498024,1,13.3157894736842,1
"124681","{zn=small-residence,dis=very-near,rad=easily-accessible,tax=low-tax,ptratio=small-class,medv=moderate} => {crim=low-crime}",0.00197628458498024,1,13.3157894736842,1
"124686","{zn=small-residence,age=lots-of-old-houses,dis=very-near,tax=low-tax,ptratio=small-class,medv=moderate} => {crim=low-crime}",0.00197628458498024,1,13.3157894736842,1
"124692","{zn=small-residence,rm=large-house,dis=very-near,tax=low-tax,ptratio=small-class,medv=moderate} => {crim=low-crime}",0.00197628458498024,1,13.3157894736842,1
"124698","{zn=small-residence,age=lots-of-old-houses,dis=very-near,rad=easily-accessible,tax=low-tax,ptratio=small-class} => {crim=low-crime}",0.00790513833992095,1,13.3157894736842,4
"124703","{zn=small-residence,rm=large-house,dis=very-near,rad=easily-accessible,tax=low-tax,ptratio=small-class} => {crim=low-crime}",0.00197628458498024,1,13.3157894736842,1
"124708","{zn=small-residence,rm=large-house,age=lots-of-old-houses,dis=very-near,tax=low-tax,ptratio=small-class} => {crim=low-crime}",0.00197628458498024,1,13.3157894736842,1
"124713","{zn=small-residence,age=lots-of-old-houses,dis=very-near,rad=easily-accessible,ptratio=small-class,medv=moderate} => {crim=low-crime}",0.00197628458498024,1,13.3157894736842,1
"124719","{zn=small-residence,rm=large-house,dis=very-near,rad=easily-accessible,ptratio=small-class,medv=moderate} => {crim=low-crime}",0.00197628458498024,1,13.3157894736842,1
"124725","{zn=small-residence,rm=large-house,age=lots-of-old-houses,dis=very-near,ptratio=small-class,medv=moderate} => {crim=low-crime}",0.00197628458498024,1,13.3157894736842,1
"124730","{zn=small-residence,rm=large-house,age=lots-of-old-houses,dis=very-near,rad=easily-accessible,ptratio=small-class} => {crim=low-crime}",0.00197628458498024,1,13.3157894736842,1
"124937","{zn=small-residence,indus=very-low-business-concentration,rm=very-large-house,dis=very-near,rad=easily-accessible,tax=low-tax} => {crim=low-crime}",0.00592885375494071,1,13.3157894736842,3
"124943","{zn=small-residence,indus=very-low-business-concentration,rm=very-large-house,age=lots-of-old-houses,dis=very-near,tax=low-tax} => {crim=low-crime}",0.00592885375494071,1,13.3157894736842,3
"124949","{zn=small-residence,indus=very-low-business-concentration,rm=very-large-house,age=lots-of-old-houses,dis=very-near,rad=easily-accessible} => {crim=low-crime}",0.00592885375494071,1,13.3157894736842,3
"124955","{zn=small-residence,rm=very-large-house,age=lots-of-old-houses,dis=very-near,rad=easily-accessible,tax=low-tax} => {crim=low-crime}",0.00592885375494071,1,13.3157894736842,3
"125055","{zn=small-residence,indus=very-low-business-concentration,dis=very-near,rad=easily-accessible,tax=low-tax,medv=moderate} => {crim=low-crime}",0.00197628458498024,1,13.3157894736842,1
"125060","{zn=small-residence,indus=very-low-business-concentration,age=lots-of-old-houses,dis=very-near,tax=low-tax,medv=moderate} => {crim=low-crime}",0.00197628458498024,1,13.3157894736842,1
"125066","{zn=small-residence,indus=very-low-business-concentration,rm=large-house,dis=very-near,tax=low-tax,medv=moderate} => {crim=low-crime}",0.00197628458498024,1,13.3157894736842,1
"125072","{zn=small-residence,indus=very-low-business-concentration,age=lots-of-old-houses,dis=very-near,rad=easily-accessible,tax=low-tax} => {crim=low-crime}",0.00790513833992095,1,13.3157894736842,4
"125077","{zn=small-residence,indus=very-low-business-concentration,rm=large-house,dis=very-near,rad=easily-accessible,tax=low-tax} => {crim=low-crime}",0.00197628458498024,1,13.3157894736842,1
"125082","{zn=small-residence,indus=very-low-business-concentration,rm=large-house,age=lots-of-old-houses,dis=very-near,tax=low-tax} => {crim=low-crime}",0.00197628458498024,1,13.3157894736842,1
"125087","{zn=small-residence,indus=very-low-business-concentration,age=lots-of-old-houses,dis=very-near,rad=easily-accessible,medv=moderate} => {crim=low-crime}",0.00197628458498024,1,13.3157894736842,1
"125093","{zn=small-residence,indus=very-low-business-concentration,rm=large-house,dis=very-near,rad=easily-accessible,medv=moderate} => {crim=low-crime}",0.00197628458498024,1,13.3157894736842,1
"125099","{zn=small-residence,indus=very-low-business-concentration,rm=large-house,age=lots-of-old-houses,dis=very-near,medv=moderate} => {crim=low-crime}",0.00197628458498024,1,13.3157894736842,1
"125104","{zn=small-residence,indus=very-low-business-concentration,rm=large-house,age=lots-of-old-houses,dis=very-near,rad=easily-accessible} => {crim=low-crime}",0.00197628458498024,1,13.3157894736842,1
"125109","{zn=small-residence,age=lots-of-old-houses,dis=very-near,rad=easily-accessible,tax=low-tax,medv=moderate} => {crim=low-crime}",0.00197628458498024,1,13.3157894736842,1
"125115","{zn=small-residence,rm=large-house,dis=very-near,rad=easily-accessible,tax=low-tax,medv=moderate} => {crim=low-crime}",0.00197628458498024,1,13.3157894736842,1
"125121","{zn=small-residence,rm=large-house,age=lots-of-old-houses,dis=very-near,tax=low-tax,medv=moderate} => {crim=low-crime}",0.00197628458498024,1,13.3157894736842,1
"125126","{zn=small-residence,rm=large-house,age=lots-of-old-houses,dis=very-near,rad=easily-accessible,tax=low-tax} => {crim=low-crime}",0.00197628458498024,1,13.3157894736842,1
"125132","{zn=small-residence,rm=large-house,age=lots-of-old-houses,dis=very-near,rad=easily-accessible,medv=moderate} => {crim=low-crime}",0.00197628458498024,1,13.3157894736842,1
"134608","{indus=very-low-business-concentration,rm=very-large-house,dis=very-near,tax=low-tax,ptratio=small-class,medv=expensive} => {crim=low-crime}",0.00592885375494071,1,13.3157894736842,3
"134614","{indus=very-low-business-concentration,rm=very-large-house,dis=very-near,rad=easily-accessible,ptratio=small-class,medv=expensive} => {crim=low-crime}",0.00592885375494071,1,13.3157894736842,3
"134620","{indus=very-low-business-concentration,rm=very-large-house,age=lots-of-old-houses,dis=very-near,ptratio=small-class,medv=expensive} => {crim=low-crime}",0.00592885375494071,1,13.3157894736842,3
"134626","{rm=very-large-house,dis=very-near,rad=easily-accessible,tax=low-tax,ptratio=small-class,medv=expensive} => {crim=low-crime}",0.00592885375494071,1,13.3157894736842,3
"134632","{rm=very-large-house,age=lots-of-old-houses,dis=very-near,tax=low-tax,ptratio=small-class,medv=expensive} => {crim=low-crime}",0.00592885375494071,1,13.3157894736842,3
"134638","{rm=very-large-house,age=lots-of-old-houses,dis=very-near,rad=easily-accessible,ptratio=small-class,medv=expensive} => {crim=low-crime}",0.00592885375494071,0.75,9.98684210526316,3
"134700","{indus=very-low-business-concentration,dis=very-near,rad=easily-accessible,tax=low-tax,ptratio=small-class,medv=expensive} => {crim=low-crime}",0.00592885375494071,1,13.3157894736842,3
"134706","{indus=very-low-business-concentration,age=lots-of-old-houses,dis=very-near,tax=low-tax,ptratio=small-class,medv=expensive} => {crim=low-crime}",0.00592885375494071,1,13.3157894736842,3
"134712","{indus=very-low-business-concentration,age=lots-of-old-houses,dis=very-near,rad=easily-accessible,ptratio=small-class,medv=expensive} => {crim=low-crime}",0.00592885375494071,1,13.3157894736842,3
"134718","{age=lots-of-old-houses,dis=very-near,rad=easily-accessible,tax=low-tax,ptratio=small-class,medv=expensive} => {crim=low-crime}",0.00592885375494071,1,13.3157894736842,3
"134870","{indus=very-low-business-concentration,rm=very-large-house,dis=very-near,rad=easily-accessible,tax=low-tax,medv=expensive} => {crim=low-crime}",0.00592885375494071,1,13.3157894736842,3
"134876","{indus=very-low-business-concentration,rm=very-large-house,age=lots-of-old-houses,dis=very-near,tax=low-tax,medv=expensive} => {crim=low-crime}",0.00592885375494071,1,13.3157894736842,3
"134882","{indus=very-low-business-concentration,rm=very-large-house,age=lots-of-old-houses,dis=very-near,rad=easily-accessible,medv=expensive} => {crim=low-crime}",0.00592885375494071,1,13.3157894736842,3
"134888","{rm=very-large-house,age=lots-of-old-houses,dis=very-near,rad=easily-accessible,tax=low-tax,medv=expensive} => {crim=low-crime}",0.00592885375494071,1,13.3157894736842,3
"135081","{indus=very-low-business-concentration,age=lots-of-old-houses,dis=very-near,rad=easily-accessible,tax=low-tax,medv=expensive} => {crim=low-crime}",0.00592885375494071,1,13.3157894736842,3
"135121","{indus=very-low-business-concentration,rm=very-large-house,dis=very-near,rad=easily-accessible,tax=low-tax,ptratio=small-class} => {crim=low-crime}",0.00592885375494071,1,13.3157894736842,3
"135127","{indus=very-low-business-concentration,rm=very-large-house,age=lots-of-old-houses,dis=very-near,tax=low-tax,ptratio=small-class} => {crim=low-crime}",0.00592885375494071,1,13.3157894736842,3
"135133","{indus=very-low-business-concentration,rm=very-large-house,age=lots-of-old-houses,dis=very-near,rad=easily-accessible,ptratio=small-class} => {crim=low-crime}",0.00592885375494071,1,13.3157894736842,3
"135139","{rm=very-large-house,age=lots-of-old-houses,dis=very-near,rad=easily-accessible,tax=low-tax,ptratio=small-class} => {crim=low-crime}",0.00592885375494071,1,13.3157894736842,3
"135239","{indus=very-low-business-concentration,dis=very-near,rad=easily-accessible,tax=low-tax,ptratio=small-class,medv=moderate} => {crim=low-crime}",0.00197628458498024,1,13.3157894736842,1
"135244","{indus=very-low-business-concentration,age=lots-of-old-houses,dis=very-near,tax=low-tax,ptratio=small-class,medv=moderate} => {crim=low-crime}",0.00197628458498024,1,13.3157894736842,1
"135250","{indus=very-low-business-concentration,rm=large-house,dis=very-near,tax=low-tax,ptratio=small-class,medv=moderate} => {crim=low-crime}",0.00197628458498024,1,13.3157894736842,1
"135256","{indus=very-low-business-concentration,age=lots-of-old-houses,dis=very-near,rad=easily-accessible,tax=low-tax,ptratio=small-class} => {crim=low-crime}",0.00790513833992095,1,13.3157894736842,4
"135261","{indus=very-low-business-concentration,rm=large-house,dis=very-near,rad=easily-accessible,tax=low-tax,ptratio=small-class} => {crim=low-crime}",0.00197628458498024,1,13.3157894736842,1
"135266","{indus=very-low-business-concentration,rm=large-house,age=lots-of-old-houses,dis=very-near,tax=low-tax,ptratio=small-class} => {crim=low-crime}",0.00197628458498024,1,13.3157894736842,1
"135271","{indus=very-low-business-concentration,age=lots-of-old-houses,dis=very-near,rad=easily-accessible,ptratio=small-class,medv=moderate} => {crim=low-crime}",0.00197628458498024,1,13.3157894736842,1
"135277","{indus=very-low-business-concentration,rm=large-house,dis=very-near,rad=easily-accessible,ptratio=small-class,medv=moderate} => {crim=low-crime}",0.00197628458498024,1,13.3157894736842,1
"135283","{indus=very-low-business-concentration,rm=large-house,age=lots-of-old-houses,dis=very-near,ptratio=small-class,medv=moderate} => {crim=low-crime}",0.00197628458498024,1,13.3157894736842,1
"135288","{indus=very-low-business-concentration,rm=large-house,age=lots-of-old-houses,dis=very-near,rad=easily-accessible,ptratio=small-class} => {crim=low-crime}",0.00197628458498024,1,13.3157894736842,1
"135293","{age=lots-of-old-houses,dis=very-near,rad=easily-accessible,tax=low-tax,ptratio=small-class,medv=moderate} => {crim=low-crime}",0.00197628458498024,1,13.3157894736842,1
"135299","{rm=large-house,dis=very-near,rad=easily-accessible,tax=low-tax,ptratio=small-class,medv=moderate} => {crim=low-crime}",0.00197628458498024,1,13.3157894736842,1
"135305","{rm=large-house,age=lots-of-old-houses,dis=very-near,tax=low-tax,ptratio=small-class,medv=moderate} => {crim=low-crime}",0.00197628458498024,1,13.3157894736842,1
"135310","{rm=large-house,age=lots-of-old-houses,dis=very-near,rad=easily-accessible,tax=low-tax,ptratio=small-class} => {crim=low-crime}",0.00197628458498024,1,13.3157894736842,1
"135590","{indus=very-low-business-concentration,rm=very-large-house,age=lots-of-old-houses,dis=very-near,rad=easily-accessible,tax=low-tax} => {crim=low-crime}",0.00592885375494071,1,13.3157894736842,3
"136024","{indus=very-low-business-concentration,age=lots-of-old-houses,dis=very-near,rad=easily-accessible,tax=low-tax,medv=moderate} => {crim=low-crime}",0.00197628458498024,1,13.3157894736842,1
"136030","{indus=very-low-business-concentration,rm=large-house,dis=very-near,rad=easily-accessible,tax=low-tax,medv=moderate} => {crim=low-crime}",0.00197628458498024,1,13.3157894736842,1
"136036","{indus=very-low-business-concentration,rm=large-house,age=lots-of-old-houses,dis=very-near,tax=low-tax,medv=moderate} => {crim=low-crime}",0.00197628458498024,1,13.3157894736842,1
"136041","{indus=very-low-business-concentration,rm=large-house,age=lots-of-old-houses,dis=very-near,rad=easily-accessible,tax=low-tax} => {crim=low-crime}",0.00197628458498024,1,13.3157894736842,1
"136047","{indus=very-low-business-concentration,rm=large-house,age=lots-of-old-houses,dis=very-near,rad=easily-accessible,medv=moderate} => {crim=low-crime}",0.00197628458498024,1,13.3157894736842,1
"179304","{zn=small-residence,indus=very-low-business-concentration,rm=very-large-house,dis=very-near,tax=low-tax,ptratio=small-class,medv=expensive} => {crim=low-crime}",0.00592885375494071,1,13.3157894736842,3
"179311","{zn=small-residence,indus=very-low-business-concentration,rm=very-large-house,dis=very-near,rad=easily-accessible,ptratio=small-class,medv=expensive} => {crim=low-crime}",0.00592885375494071,1,13.3157894736842,3
"179318","{zn=small-residence,indus=very-low-business-concentration,rm=very-large-house,age=lots-of-old-houses,dis=very-near,ptratio=small-class,medv=expensive} => {crim=low-crime}",0.00592885375494071,1,13.3157894736842,3
"179325","{zn=small-residence,rm=very-large-house,dis=very-near,rad=easily-accessible,tax=low-tax,ptratio=small-class,medv=expensive} => {crim=low-crime}",0.00592885375494071,1,13.3157894736842,3
"179332","{zn=small-residence,rm=very-large-house,age=lots-of-old-houses,dis=very-near,tax=low-tax,ptratio=small-class,medv=expensive} => {crim=low-crime}",0.00592885375494071,1,13.3157894736842,3
"179339","{zn=small-residence,rm=very-large-house,age=lots-of-old-houses,dis=very-near,rad=easily-accessible,ptratio=small-class,medv=expensive} => {crim=low-crime}",0.00592885375494071,1,13.3157894736842,3
"179414","{zn=small-residence,indus=very-low-business-concentration,dis=very-near,rad=easily-accessible,tax=low-tax,ptratio=small-class,medv=expensive} => {crim=low-crime}",0.00592885375494071,1,13.3157894736842,3
"179421","{zn=small-residence,indus=very-low-business-concentration,age=lots-of-old-houses,dis=very-near,tax=low-tax,ptratio=small-class,medv=expensive} => {crim=low-crime}",0.00592885375494071,1,13.3157894736842,3
"179428","{zn=small-residence,indus=very-low-business-concentration,age=lots-of-old-houses,dis=very-near,rad=easily-accessible,ptratio=small-class,medv=expensive} => {crim=low-crime}",0.00592885375494071,1,13.3157894736842,3
"179435","{zn=small-residence,age=lots-of-old-houses,dis=very-near,rad=easily-accessible,tax=low-tax,ptratio=small-class,medv=expensive} => {crim=low-crime}",0.00592885375494071,1,13.3157894736842,3
"179473","{zn=small-residence,indus=very-low-business-concentration,rm=very-large-house,dis=very-near,rad=easily-accessible,tax=low-tax,medv=expensive} => {crim=low-crime}",0.00592885375494071,1,13.3157894736842,3
"179480","{zn=small-residence,indus=very-low-business-concentration,rm=very-large-house,age=lots-of-old-houses,dis=very-near,tax=low-tax,medv=expensive} => {crim=low-crime}",0.00592885375494071,1,13.3157894736842,3
"179487","{zn=small-residence,indus=very-low-business-concentration,rm=very-large-house,age=lots-of-old-houses,dis=very-near,rad=easily-accessible,medv=expensive} => {crim=low-crime}",0.00592885375494071,1,13.3157894736842,3
"179494","{zn=small-residence,rm=very-large-house,age=lots-of-old-houses,dis=very-near,rad=easily-accessible,tax=low-tax,medv=expensive} => {crim=low-crime}",0.00592885375494071,1,13.3157894736842,3
"179533","{zn=small-residence,indus=very-low-business-concentration,age=lots-of-old-houses,dis=very-near,rad=easily-accessible,tax=low-tax,medv=expensive} => {crim=low-crime}",0.00592885375494071,1,13.3157894736842,3
"179546","{zn=small-residence,indus=very-low-business-concentration,rm=very-large-house,dis=very-near,rad=easily-accessible,tax=low-tax,ptratio=small-class} => {crim=low-crime}",0.00592885375494071,1,13.3157894736842,3
"179553","{zn=small-residence,indus=very-low-business-concentration,rm=very-large-house,age=lots-of-old-houses,dis=very-near,tax=low-tax,ptratio=small-class} => {crim=low-crime}",0.00592885375494071,1,13.3157894736842,3
"179560","{zn=small-residence,indus=very-low-business-concentration,rm=very-large-house,age=lots-of-old-houses,dis=very-near,rad=easily-accessible,ptratio=small-class} => {crim=low-crime}",0.00592885375494071,1,13.3157894736842,3
"179567","{zn=small-residence,rm=very-large-house,age=lots-of-old-houses,dis=very-near,rad=easily-accessible,tax=low-tax,ptratio=small-class} => {crim=low-crime}",0.00592885375494071,1,13.3157894736842,3
"179683","{zn=small-residence,indus=very-low-business-concentration,dis=very-near,rad=easily-accessible,tax=low-tax,ptratio=small-class,medv=moderate} => {crim=low-crime}",0.00197628458498024,1,13.3157894736842,1
"179689","{zn=small-residence,indus=very-low-business-concentration,age=lots-of-old-houses,dis=very-near,tax=low-tax,ptratio=small-class,medv=moderate} => {crim=low-crime}",0.00197628458498024,1,13.3157894736842,1
"179696","{zn=small-residence,indus=very-low-business-concentration,rm=large-house,dis=very-near,tax=low-tax,ptratio=small-class,medv=moderate} => {crim=low-crime}",0.00197628458498024,1,13.3157894736842,1
"179703","{zn=small-residence,indus=very-low-business-concentration,age=lots-of-old-houses,dis=very-near,rad=easily-accessible,tax=low-tax,ptratio=small-class} => {crim=low-crime}",0.00790513833992095,1,13.3157894736842,4
"179709","{zn=small-residence,indus=very-low-business-concentration,rm=large-house,dis=very-near,rad=easily-accessible,tax=low-tax,ptratio=small-class} => {crim=low-crime}",0.00197628458498024,1,13.3157894736842,1
"179715","{zn=small-residence,indus=very-low-business-concentration,rm=large-house,age=lots-of-old-houses,dis=very-near,tax=low-tax,ptratio=small-class} => {crim=low-crime}",0.00197628458498024,1,13.3157894736842,1
"179721","{zn=small-residence,indus=very-low-business-concentration,age=lots-of-old-houses,dis=very-near,rad=easily-accessible,ptratio=small-class,medv=moderate} => {crim=low-crime}",0.00197628458498024,1,13.3157894736842,1
"179728","{zn=small-residence,indus=very-low-business-concentration,rm=large-house,dis=very-near,rad=easily-accessible,ptratio=small-class,medv=moderate} => {crim=low-crime}",0.00197628458498024,1,13.3157894736842,1
"179735","{zn=small-residence,indus=very-low-business-concentration,rm=large-house,age=lots-of-old-houses,dis=very-near,ptratio=small-class,medv=moderate} => {crim=low-crime}",0.00197628458498024,1,13.3157894736842,1
"179741","{zn=small-residence,indus=very-low-business-concentration,rm=large-house,age=lots-of-old-houses,dis=very-near,rad=easily-accessible,ptratio=small-class} => {crim=low-crime}",0.00197628458498024,1,13.3157894736842,1
"179747","{zn=small-residence,age=lots-of-old-houses,dis=very-near,rad=easily-accessible,tax=low-tax,ptratio=small-class,medv=moderate} => {crim=low-crime}",0.00197628458498024,1,13.3157894736842,1
"179754","{zn=small-residence,rm=large-house,dis=very-near,rad=easily-accessible,tax=low-tax,ptratio=small-class,medv=moderate} => {crim=low-crime}",0.00197628458498024,1,13.3157894736842,1
"179761","{zn=small-residence,rm=large-house,age=lots-of-old-houses,dis=very-near,tax=low-tax,ptratio=small-class,medv=moderate} => {crim=low-crime}",0.00197628458498024,1,13.3157894736842,1
"179767","{zn=small-residence,rm=large-house,age=lots-of-old-houses,dis=very-near,rad=easily-accessible,tax=low-tax,ptratio=small-class} => {crim=low-crime}",0.00197628458498024,1,13.3157894736842,1
"179774","{zn=small-residence,rm=large-house,age=lots-of-old-houses,dis=very-near,rad=easily-accessible,ptratio=small-class,medv=moderate} => {crim=low-crime}",0.00197628458498024,1,13.3157894736842,1
"179918","{zn=small-residence,indus=very-low-business-concentration,rm=very-large-house,age=lots-of-old-houses,dis=very-near,rad=easily-accessible,tax=low-tax} => {crim=low-crime}",0.00592885375494071,1,13.3157894736842,3
"179967","{zn=small-residence,indus=very-low-business-concentration,age=lots-of-old-houses,dis=very-near,rad=easily-accessible,tax=low-tax,medv=moderate} => {crim=low-crime}",0.00197628458498024,1,13.3157894736842,1
"179974","{zn=small-residence,indus=very-low-business-concentration,rm=large-house,dis=very-near,rad=easily-accessible,tax=low-tax,medv=moderate} => {crim=low-crime}",0.00197628458498024,1,13.3157894736842,1
"179981","{zn=small-residence,indus=very-low-business-concentration,rm=large-house,age=lots-of-old-houses,dis=very-near,tax=low-tax,medv=moderate} => {crim=low-crime}",0.00197628458498024,1,13.3157894736842,1
"179987","{zn=small-residence,indus=very-low-business-concentration,rm=large-house,age=lots-of-old-houses,dis=very-near,rad=easily-accessible,tax=low-tax} => {crim=low-crime}",0.00197628458498024,1,13.3157894736842,1
"179994","{zn=small-residence,indus=very-low-business-concentration,rm=large-house,age=lots-of-old-houses,dis=very-near,rad=easily-accessible,medv=moderate} => {crim=low-crime}",0.00197628458498024,1,13.3157894736842,1
"180001","{zn=small-residence,rm=large-house,age=lots-of-old-houses,dis=very-near,rad=easily-accessible,tax=low-tax,medv=moderate} => {crim=low-crime}",0.00197628458498024,1,13.3157894736842,1
"185597","{indus=very-low-business-concentration,rm=very-large-house,dis=very-near,rad=easily-accessible,tax=low-tax,ptratio=small-class,medv=expensive} => {crim=low-crime}",0.00592885375494071,1,13.3157894736842,3
"185604","{indus=very-low-business-concentration,rm=very-large-house,age=lots-of-old-houses,dis=very-near,tax=low-tax,ptratio=small-class,medv=expensive} => {crim=low-crime}",0.00592885375494071,1,13.3157894736842,3
"185611","{indus=very-low-business-concentration,rm=very-large-house,age=lots-of-old-houses,dis=very-near,rad=easily-accessible,ptratio=small-class,medv=expensive} => {crim=low-crime}",0.00592885375494071,1,13.3157894736842,3
"185618","{rm=very-large-house,age=lots-of-old-houses,dis=very-near,rad=easily-accessible,tax=low-tax,ptratio=small-class,medv=expensive} => {crim=low-crime}",0.00592885375494071,1,13.3157894736842,3
"185657","{indus=very-low-business-concentration,age=lots-of-old-houses,dis=very-near,rad=easily-accessible,tax=low-tax,ptratio=small-class,medv=expensive} => {crim=low-crime}",0.00592885375494071,1,13.3157894736842,3
"185775","{indus=very-low-business-concentration,rm=very-large-house,age=lots-of-old-houses,dis=very-near,rad=easily-accessible,tax=low-tax,medv=expensive} => {crim=low-crime}",0.00592885375494071,1,13.3157894736842,3
"185871","{indus=very-low-business-concentration,rm=very-large-house,age=lots-of-old-houses,dis=very-near,rad=easily-accessible,tax=low-tax,ptratio=small-class} => {crim=low-crime}",0.00592885375494071,1,13.3157894736842,3
"185920","{indus=very-low-business-concentration,age=lots-of-old-houses,dis=very-near,rad=easily-accessible,tax=low-tax,ptratio=small-class,medv=moderate} => {crim=low-crime}",0.00197628458498024,1,13.3157894736842,1
"185927","{indus=very-low-business-concentration,rm=large-house,dis=very-near,rad=easily-accessible,tax=low-tax,ptratio=small-class,medv=moderate} => {crim=low-crime}",0.00197628458498024,1,13.3157894736842,1
"185934","{indus=very-low-business-concentration,rm=large-house,age=lots-of-old-houses,dis=very-near,tax=low-tax,ptratio=small-class,medv=moderate} => {crim=low-crime}",0.00197628458498024,1,13.3157894736842,1
"185940","{indus=very-low-business-concentration,rm=large-house,age=lots-of-old-houses,dis=very-near,rad=easily-accessible,tax=low-tax,ptratio=small-class} => {crim=low-crime}",0.00197628458498024,1,13.3157894736842,1
"185947","{indus=very-low-business-concentration,rm=large-house,age=lots-of-old-houses,dis=very-near,rad=easily-accessible,ptratio=small-class,medv=moderate} => {crim=low-crime}",0.00197628458498024,1,13.3157894736842,1
"185954","{rm=large-house,age=lots-of-old-houses,dis=very-near,rad=easily-accessible,tax=low-tax,ptratio=small-class,medv=moderate} => {crim=low-crime}",0.00197628458498024,1,13.3157894736842,1
"186345","{indus=very-low-business-concentration,rm=large-house,age=lots-of-old-houses,dis=very-near,rad=easily-accessible,tax=low-tax,medv=moderate} => {crim=low-crime}",0.00197628458498024,1,13.3157894736842,1
"209674","{zn=small-residence,indus=very-low-business-concentration,rm=very-large-house,dis=very-near,rad=easily-accessible,tax=low-tax,ptratio=small-class,medv=expensive} => {crim=low-crime}",0.00592885375494071,1,13.3157894736842,3
"209682","{zn=small-residence,indus=very-low-business-concentration,rm=very-large-house,age=lots-of-old-houses,dis=very-near,tax=low-tax,ptratio=small-class,medv=expensive} => {crim=low-crime}",0.00592885375494071,1,13.3157894736842,3
"209690","{zn=small-residence,indus=very-low-business-concentration,rm=very-large-house,age=lots-of-old-houses,dis=very-near,rad=easily-accessible,ptratio=small-class,medv=expensive} => {crim=low-crime}",0.00592885375494071,1,13.3157894736842,3
"209698","{zn=small-residence,rm=very-large-house,age=lots-of-old-houses,dis=very-near,rad=easily-accessible,tax=low-tax,ptratio=small-class,medv=expensive} => {crim=low-crime}",0.00592885375494071,1,13.3157894736842,3
"209743","{zn=small-residence,indus=very-low-business-concentration,age=lots-of-old-houses,dis=very-near,rad=easily-accessible,tax=low-tax,ptratio=small-class,medv=expensive} => {crim=low-crime}",0.00592885375494071,1,13.3157894736842,3
"209758","{zn=small-residence,indus=very-low-business-concentration,rm=very-large-house,age=lots-of-old-houses,dis=very-near,rad=easily-accessible,tax=low-tax,medv=expensive} => {crim=low-crime}",0.00592885375494071,1,13.3157894736842,3
"209773","{zn=small-residence,indus=very-low-business-concentration,rm=very-large-house,age=lots-of-old-houses,dis=very-near,rad=easily-accessible,tax=low-tax,ptratio=small-class} => {crim=low-crime}",0.00592885375494071,1,13.3157894736842,3
"209829","{zn=small-residence,indus=very-low-business-concentration,age=lots-of-old-houses,dis=very-near,rad=easily-accessible,tax=low-tax,ptratio=small-class,medv=moderate} => {crim=low-crime}",0.00197628458498024,1,13.3157894736842,1
"209837","{zn=small-residence,indus=very-low-business-concentration,rm=large-house,dis=very-near,rad=easily-accessible,tax=low-tax,ptratio=small-class,medv=moderate} => {crim=low-crime}",0.00197628458498024,1,13.3157894736842,1
"209845","{zn=small-residence,indus=very-low-business-concentration,rm=large-house,age=lots-of-old-houses,dis=very-near,tax=low-tax,ptratio=small-class,medv=moderate} => {crim=low-crime}",0.00197628458498024,1,13.3157894736842,1
"209852","{zn=small-residence,indus=very-low-business-concentration,rm=large-house,age=lots-of-old-houses,dis=very-near,rad=easily-accessible,tax=low-tax,ptratio=small-class} => {crim=low-crime}",0.00197628458498024,1,13.3157894736842,1
"209860","{zn=small-residence,indus=very-low-business-concentration,rm=large-house,age=lots-of-old-houses,dis=very-near,rad=easily-accessible,ptratio=small-class,medv=moderate} => {crim=low-crime}",0.00197628458498024,1,13.3157894736842,1
"209868","{zn=small-residence,rm=large-house,age=lots-of-old-houses,dis=very-near,rad=easily-accessible,tax=low-tax,ptratio=small-class,medv=moderate} => {crim=low-crime}",0.00197628458498024,1,13.3157894736842,1
"209935","{zn=small-residence,indus=very-low-business-concentration,rm=large-house,age=lots-of-old-houses,dis=very-near,rad=easily-accessible,tax=low-tax,medv=moderate} => {crim=low-crime}",0.00197628458498024,1,13.3157894736842,1
"211747","{indus=very-low-business-concentration,rm=very-large-house,age=lots-of-old-houses,dis=very-near,rad=easily-accessible,tax=low-tax,ptratio=small-class,medv=expensive} => {crim=low-crime}",0.00592885375494071,1,13.3157894736842,3
"211833","{indus=very-low-business-concentration,rm=large-house,age=lots-of-old-houses,dis=very-near,rad=easily-accessible,tax=low-tax,ptratio=small-class,medv=moderate} => {crim=low-crime}",0.00197628458498024,1,13.3157894736842,1
"218993","{zn=small-residence,indus=very-low-business-concentration,rm=very-large-house,age=lots-of-old-houses,dis=very-near,rad=easily-accessible,tax=low-tax,ptratio=small-class,medv=expensive} => {crim=low-crime}",0.00592885375494071,1,13.3157894736842,3
"219019","{zn=small-residence,indus=very-low-business-concentration,rm=large-house,age=lots-of-old-houses,dis=very-near,rad=easily-accessible,tax=low-tax,ptratio=small-class,medv=moderate} => {crim=low-crime}",0.00197628458498024,1,13.3157894736842,1
